🍇,葡萄,GRAPES,2010
🍈,瓜果,MELON,2010
🍉,西瓜,WATERMELON,2010
🍊,柑橘,TANGERINE,2010
🍋,柠檬,LEMON,2010
🍌,香蕉,BANANA,2010
🍍,菠萝,PINEAPPLE,2010
🍎,红苹果,RED APPLE,2010
🍏,青苹果,GREEN APPLE,2010
🍐,雪梨,PEAR,2010
🍑,桃子,PEACH,2010
🍒,樱桃,CHERRIES,2010
🍓,草莓,STRAWBERRY,2010
🍅,番茄,TOMATO,2010
🥝,猕猴桃,KIWIFRUIT,2016
🥑,牛油果,AVOCADO,2016
🍆,茄子,AUBERGINE,2010
🥔,土豆,POTATO,2016
🥕,胡萝卜,CARROT,2016
🌽,玉米,EAR OF MAIZE,2010
🌶,辣椒,HOT PEPPER,2014
🥒,黄瓜,CUCUMBER,2016
🍄,蘑菇,MUSHROOM,2010
🥜,花生,PEANUTS,2016
🌰,栗子,CHESTNUT,2010
🍞,面包,BREAD,2010
🥐,牛角包,CROISSANT,2016
🥖,法式长棍面包,BAGUETTE BREAD,2016
🥞,松饼,PANCAKES,2016
🧀,奶酪,CHEESE WEDGE,2015
🍖,瘦肉,MEAT ON BONE,2010
🍗,大腿肉〔*鸡脾(髀) / 鸡腿〕,POULTRY LEG,2010
🥓,培根/ 熏肉/ 烟肉,BACON,2016
🍔,汉堡包,HAMBURGER,2010
🍟,炸薯条,FRENCH FRIES,2010
🍕,薄饼/ 披萨,SLICE OF PIZZA,2010
🌭,热狗,HOT DOG,2015
🌮,墨西哥夹饼、玉米饼,TACO,2015
🌯,墨西哥卷饼、卷饼,BURRITO,2015
🥙,酿大饼/ 带馅扁面包,STUFFED FLATBREAD,2016
🥚,蛋,EGG,2016
🍳,烹饪/ 煎蛋,COOKING,2010
🥘,浅平底锅中的食物,SHALLOW PAN OF FOOD,2016
🍲,火锅/ 锅饭/ 锅汤,POT OF FOOD,2010
🥗,沙拉/ 沙律,GREEN SALAD,2016
🍿,爆米花/ 玉米花/ 爆谷,POPCORN,2015
🍱,便当/ 饭盒,BENTO BOX,2010
🍘,米饼/ 雪饼,RICE CRACKER,2010
🍙,饭团（团）,RICE BALL,2010
🍚,米饭,COOKED RICE,2010
🍛,盖浇饭/ 碟头饭/ 烩饭〔*咖喱饭/ 烧味饭〕,CURRY AND RICE,2010
🍜,拉面（面）,STEAMING BOWL,2010
🍝,意大利面/ 义大利面/ 义粉,SPAGHETTI,2010
🍠,烤地瓜/ 烤蕃薯,ROASTED SWEET POTATO,2010
🍢,肉串/ 关东煮,ODEN,2010
🍣,寿司,SUSHI,2010
🍤,炸虾/ 天妇罗,FRIED SHRIMP,2010
🍥,蒲鉾/ 鱼板/ 鱼糕/ 鸣门卷,FISH CAKE WITH SWIRL DESIGN,2010
🍡,团（团）子/ 烤串,DANGO,2010
🍦,冰淇淋[*雪糕],SOFT ICE CREAM,2010
🍧,刨冰,SHAVED ICE,2010
🍨,冰淇淋[*雪糕],ICE CREAM,2010
🍩,甜甜圈/ 冬甩,DOUGHNUT,2010
🥯,贝果/ 培果/ 焙果/ 百吉圈,bagel,2018
🍪,曲奇饼,COOKIE,2010
🎂,生日蛋糕[*蛋糕],BIRTHDAY CAKE,2010
🍰,水果蛋糕[*蛋糕],SHORTCAKE,2010
🧁,纸杯蛋糕/ 杯子蛋糕[*蛋糕],cupcake,2018
🍫,巧克力/ 朱古力,CHOCOLATE BAR,2010
🍬,糖果,CANDY,2010
🍭,棒棒糖,LOLLIPOP,2010
🍮,布丁/ 布甸/ 奶冻,CUSTARD,2010
🍯,蜂蜜/ 蜜罐,HONEY POT,2010
🍼,婴儿奶瓶/ 奶樽,BABY BOTTLE,2010
🥛,一杯鲜奶,GLASS OF MILK,2016
☕,一杯热饮〔*咖啡/ 奶茶〕,HOT BEVERAGE,2003
🍵,一杯茶,TEACUP WITHOUT HANDLE,2010
🍶,酒壶/ 清酒,SAKE BOTTLE AND CUP,2010
🍾,软木瓶塞的瓶子〔*香槟/ 红酒/ 葡萄酒〕,BOTTLE WITH POPPING CORK,2015
🍷,红酒杯,WINE GLASS,2010
🍸,鸡尾酒杯,COCKTAIL GLASS,2010
🍹,饮料〔*什果汁/ 珍奶〕,TROPICAL DRINK,2010
🍺,啤酒杯,BEER MUG,2010
🍻,干杯/ 碰杯,CLINKING BEER MUGS,2010
🥂,干（干）杯,CLINKING GLASSES,2016
🥃,杯子〔*水/ 威士忌〕,TUMBLER GLASS,2016
🍽,盘· 叉· 刀[*餐具],FORK AND KNIFE WITH PLATE,2014
🍴,刀叉[*餐具],FORK AND KNIFE,2010
🥄,勺子/ 匙羹[*餐具],SPOON,2016
🔪,刀子,HOCHO,2010
🥢,筷子,Chopsticks,2017
🥥,椰子,Coconut,2017
🥦,西兰花/ 青花菜,Broccoli,2017
🥨,椒盐卷饼/ 蝴蝶脆饼,Pretzel,2017
🥩,一块肉〔*小鲜肉〕,Cut of Meat,2017
🥪,三明治/ 三文治,Sandwich,2017
🥣,"汤碗加匙羮""碗勺""",Bowl With Spoon,2017
🥫,"罐装食品""罐头""",Canned Food,2017
🥟,饺子,Dumpling,2017
🥠,幸运饼干/ 占卜饼,Fortune Cookie,2017
🥡,"外卖盒""餐盒""",Takeout Box,2017
🥧,"西式馅饼〔""派"" / ""批""〕",Pie,2017
🥤,饮筒杯/ 饮管杯,Cup With Straw,2017
🧃,纸装饮品,Beverage Box,2019
🥭,芒果,mango,2018
🥬,绿叶蔬菜,leafy green,2018
🧂,盐,salt,2018
🥮,月饼,moon cake,2018
🦞,龙虾,lobster,2018
🧄,蒜头/ 大蒜,Garlic,2019
🧅,洋葱/ 葱头/ 洋蒜/ 皮牙孜,Onion,2019
🧇,华夫饼/ 格仔饼/ 格子松饼/ 比利时松饼/ 压花蛋饼,Waffle,2019
🧆,鹰嘴豆球/ 中东蔬菜球/ 法拉费,Falafel,2019
🧈,牛油/ 黄油/ 奶油,Butter,2019
🦪,蚝/ 牡蛎/ 蚵仔,Oyster,2019
🧉,玛黛茶/ 喜马红/ 巴拉圭茶/ 阿根廷茶/ 巴西茶,Mate,2019
🧊,冰块,Ice Cube,2019
😀,笑呵呵,GRINNING FACE,2012
😁,笑嘻嘻/ 笑眯眯,GRINNING FACE WITH SMILING EYES,2010
😂,喜极而泣/ 乐极生悲,FACE WITH TEARS OF JOY,2010
🤣,笑到滚地/ 仰天大笑,ROLLING ON THE FLOOR LAUGHING,2016
😃,笑盈盈,SMILING FACE WITH OPEN MOUTH,2010
😄,哈哈大笑,SMILING FACE WITH OPEN MOUTH AND SMILING EYES,2010
😅,苦笑/ 冷笑,SMILING FACE WITH OPEN MOUTH AND COLD SWEAT,2010
😆,笑死朕啦!,SMILING FACE WITH OPEN MOUTH AND TIGHTLY-CLOSED EYES,2010
😉,眨眼/ 打眼色,WINKING FACE,2010
😊,满脸堆笑,SMILING FACE WITH SMILING EYES,2010
😋,好吃（食）/ 舔舔脷,FACE SAVOURING DELICIOUS FOOD,2010
😎,Cool / 酷/ 型,SMILING FACE WITH SUNGLASSES,2010
😍,心花怒放/ 色眯眯,SMILING FACE WITH HEART-SHAPED EYES,2010
😘,飞吻/ 献吻,FACE THROWING A KISS,2010
😗,接吻,KISSING FACE,2012
😙,亲吻,KISSING FACE WITH SMILING EYES,2012
😚,热吻/ 钖钖,KISSING FACE WITH CLOSED EYES,2010
☺,假笑,WHITE SMILING FACE,1995
🙂,微笑/ 空心笑,SLIGHTLY SMILING FACE,2014
🤗,拥抱/ 揽揽,HUGGING FACE,2015
🤔,思考/ 想,THINKING FACE,2015
😐,中立态度/ 不动声色,NEUTRAL FACE,2010
😑,面无表情/ 一本正经/ 扁嘴,EXPRESSIONLESS FACE,2012
😶,安静/ 沉默,FACE WITHOUT MOUTH,2010
🙄,翻白眼,FACE WITH ROLLING EYES,2015
😏,傻笑,SMIRKING FACE,2010
😣,坚持/ 决心,PERSEVERING FACE,2010
😥,紧张/ 呼... / 松一口气,DISAPPOINTED BUT RELIEVED FACE,2010
😮,张嘴/ O嘴/ 无言,FACE WITH OPEN MOUTH,2012
🤐,拉链嘴/ 闭嘴,ZIPPER-MOUTH FACE,2015
😯,缄默,HUSHED FACE,2012
😪,困/ 眼瞓,SLEEPY FACE,2010
😫,累/ 攰/ 疲劳,TIRED FACE,2010
😴,睡觉/ 瞓觉/ 疲倦至极,SLEEPING FACE,2012
😌,如释重负/ 放下担子,RELIEVED FACE,2010
🤓,书呆子/ 极客,NERD FACE,2015
😛,吐舌头/ 调皮,FACE WITH STUCK-OUT TONGUE,2012
😜,吐舌眨眼/ 俏皮/ 颇皮,FACE WITH STUCK-OUT TONGUE AND WINKING EYE,2010
😝,闭眼吐舌/ 卖萌,FACE WITH STUCK-OUT TONGUE AND TIGHTLY-CLOSED EYES,2010
🤤,流口水/ 哈喇子,DROOLING FACE,2016
😒,不满意/ 不爽/ 斜眼/ 瞄,UNAMUSED FACE,2010
😓,汗/ 无奈,FACE WITH COLD SWEAT,2010
😔,忧郁/ 沉思/ 沮丧/ 垂头丧气,PENSIVE FACE,2010
😕,迷茫,CONFUSED FACE,2012
🙃,倒头/ 倒吊/ 倒立,UPSIDE-DOWN FACE,2015
🤑,见钱开眼,MONEY-MOUTH FACE,2015
😲,惊讶,ASTONISHED FACE,2010
☹,委屈/ 空心哭,WHITE FROWNING FACE,1995
🙁,微蹙眉,SLIGHTLY FROWNING FACE,2014
😖,怨恨/ 困惑,CONFOUNDED FACE,2010
😞,失望/ 愁眉苦脸,DISAPPOINTED FACE,2010
😟,担心/ 忧虑,WORRIED FACE,2012
😤,取胜/ 努力/ 加油,FACE WITH LOOK OF TRIUMPH,2010
😢,哭泣/ 悲伤,CRYING FACE,2010
😭,大声哭/ 流眼泪/ 凄惨,LOUDLY CRYING FACE,2010
😦,皱眉脸/ 不开心/ 目瞪口呆,FROWNING FACE WITH OPEN MOUTH,2012
😧,疼痛/ 苦逼,ANGUISHED FACE,2012
😨,恐惧/ 吓一跳/ 吓死宝宝了,FEARFUL FACE,2010
😩,哎（唉）... / 厌倦/ 疲惫,WEARY FACE,2010
😬,龇牙咧嘴/ 狰狞/ 鬼脸/ 歪扭,GRIMACING FACE,2012
😰,冒冷汗,FACE WITH OPEN MOUTH AND COLD SWEAT,2010
😱,惊慌/ 尖叫/ 恐怖,FACE SCREAMING IN FEAR,2010
😳,脸红红/ 怕羞/ 茫然,FLUSHED FACE,2010
😵,头晕目眩,DIZZY FACE,2010
😡,生气,POUTING FACE,2010
😠,愤怒/ 抓狂,ANGRY FACE,2010
😇,守护天使/ 天真,SMILING FACE WITH HALO,2010
🤠,牛仔/ 牛仔帽,FACE WITH COWBOY HAT,2016
🤡,小丑（丑）,CLOWN FACE,2016
🤥,说谎/ 讲大话/ 木偶,LYING FACE,2016
😷,生病,FACE WITH MEDICAL MASK,2010
🤒,病人/ 发烧,FACE WITH THERMOMETER,2015
🤕,绷带/ 受伤,FACE WITH HEAD-BANDAGE,2015
🤢,恶心/ 作呕,NAUSEATED FACE,2016
🤧,打喷嚏/ 打乞嗤/ 伤风感冒,SNEEZING FACE,2016
🤩,追星族〔*粉丝/ 偶像/ Fans〕,Star-Struck,2017
🤨,可疑/ 将信将疑,Face With Raised Eyebrow,2017
🤯,震撼/ 哗(Wa)...,Exploding Head,2017
🤪,疯狂/ 兴奋/ 狂野,Zany Face,2017
🤬,骂人/ 爆粗/ 脏话,Face With Symbols On Mouth,2017
🤮,呕吐,Face Vomiting,2017
🤫,安静/ 嘘(Shh)...,Shushing Face,2017
🤭,偷偷地笑〔*手捂住嘴〕,Face With Hand Over Mouth,2017
🧐,配戴单片眼镜的人,Face With Monocle,2017
🥰,恋爱/ 初恋〔*热恋中的情侣〕,smiling face with 3 hearts,2018
🥵,发热/ 好热,hot face,2018
🥶,冰冷/ 冷冻/ 寒冷,cold face,2018
🥴,头昏眼花〔*饮醉酒〕,woozy face,2018
🥳,欢乐派对,partying face,2018
🥺,拜托/ 求求你/ 无辜/ 恳请你,pleading face,2018
🥱,打呵欠/ 打喊路（露）,Yawning Face,2019
😈,魔鬼/ 恶魔,SMILING FACE WITH HORNS,2010
👿,妖怪/ 小鬼/ 犄角,IMP,2010
👹,大魔王/ 食人魔/ 怪兽,JAPANESE OGRE,2010
👺,妖精/ 怪物,JAPANESE GOBLIN,2010
💀,头骨,SKULL,2010
☠,骷髅骨,SKULL AND CROSSBONES,1995
👻,鬼魂/ 幽灵/ 飘,GHOST,2010
👽,外星人/ ET / UFO,EXTRATERRESTRIAL ALIEN,2010
👾,外星生物/ 不明物体/ 病毒,ALIEN MONSTER,2010
🤖,机器人/ 机械人,ROBOT FACE,2015
💩,屎/ 米田共/ 粪便,PILE OF POO,2010
😺,哈哈笑的猫,SMILING CAT FACE WITH OPEN MOUTH,2010
😸,笑嘻嘻的猫,GRINNING CAT FACE WITH SMILING EYES,2010
😹,喜极而泣的猫,CAT FACE WITH TEARS OF JOY,2010
😻,心花怒放的猫/ 思春期,SMILING CAT FACE WITH HEART-SHAPED EYES,2010
😼,奸笑的猫,CAT FACE WITH WRY SMILE,2010
😽,亲吻的猫,KISSING CAT FACE WITH CLOSED EYES,2010
🙀,疲累的猫,WEARY CAT FACE,2010
😿,哭泣的猫,CRYING CAT FACE,2010
😾,生气的猫,POUTING CAT FACE,2010
🙈,不能看/ 非礼勿视,SEE-NO-EVIL MONKEY,2010
🙉,不能听/ 非礼勿听,HEAR-NO-EVIL MONKEY,2010
🙊,不能说/ 非礼勿言,SPEAK-NO-EVIL MONKEY,2010
🧒,儿童/ 小孩子/ 小朋友,Child,2017
👦,男孩/ 男仔,BOY,2010
👧,女孩/ 女仔,GIRL,2010
👨,男人,MAN,2010
👩,女人,WOMAN,2010
🧑,青年/ 成年人/ 年轻人,Adult,2017
🧓,老年人,Older Adult,2017
👴,老爷爷,OLDER MAN,2010
👵,老婆婆,OLDER WOMAN,2010
🧔,胡子叔叔,Bearded Person,2017
🧙,魔法师/ 巫师,Mage,2017
🧙‍​​♂️,男巫师,Man Mage,2017
🧙‍​​♀️,女巫师,Woman Mage,2017
🧚,小仙子/ 妖精,Fairy,2017
🧚‍♀️,仙女,Woman Fairy,2017
🧚‍♂️,男仙子,Man Fairy,2017
🧛,吸血鬼,Vampire,2017
🧛‍♂️,男吸血鬼,Man Vampire,2017
🧛‍♀️,女吸血鬼,Woman Vampire,2017
🧜,人鱼,Merperson,2017
🧜‍♀️,美人鱼,Mermaid,2017
🧜‍♂️,雄人鱼,Merman,2017
🧝,精灵,Elf,2017
🧝‍♂️,男精灵,Man Elf,2017
🧝‍♀️,女精灵,Woman Elf,2017
🧞,"神灯精灵""灯神""",Genie,2017
🧞‍♂️,男神灯精灵,Man Genie,2017
🧞‍♀️,女神灯精灵,Woman Genie,2017
🧟,丧尸,Zombie,2017
🧟‍♂️,男丧尸,Man Zombie,2017
🧟‍♀️,女丧尸,Woman Zombie,2017
🧖,洗澡/ 沐浴/ 冲凉,Person in Steamy Room,2017
🧖‍♀️,女洗澡房,Woman in Steamy Room,2017
🧖‍♂️,男洗澡房,Man in Steamy Room,2017
🧗,攀岩/ 攀山,Person Climbing,2017
🧗‍♀️,攀岩女生,Woman Climbing,2017
🧗‍♂️,攀山男子,Man Climbing,2017
🧘,打坐/ 冥想/ 瑜伽/ 坐禅/ 单盘/ 双盘,Person in Lotus Position,2017
🧘‍♀️,打坐的女性,Woman in Lotus Position,2017
🧘‍♂️,打坐的男性,Man in Lotus Position,2017
👶,宝宝/ BB / 婴儿,BABY,2010
👼,宝贝天使,BABY ANGEL,2010
👱,金色头发/ 金毛,PERSON WITH BLOND HAIR,2010
👮,警察/ 警卫,POLICE OFFICER,2010
👲,中国人/ 瓜皮帽,MAN WITH GUA PI MAO,2010
👳,头巾/ 缠头巾[*男人],MAN WITH TURBAN,2010
🧕,头巾/ 缠头巾[*女人],Woman With Headscarf,2017
👷,建筑工人,CONSTRUCTION WORKER,2010
👸,公主,PRINCESS,2010
🤴,王子,PRINCE,2016
💂,侍卫/ 近卫兵/ 守卫,GUARDSMAN,2010
🕵,侦探/ 间谍,SLEUTH OR SPY,2014
🎅,圣诞老人,FATHER CHRISTMAS,2010
🤶,母亲圣诞节,MOTHER CHRISTMAS,2016
👰,新娘/ 伴娘/ 头纱/ 婚纱,BRIDE WITH VEIL,2010
🤵,新郎/ 伴郎/ 晚礼服/ 燕尾服,MAN IN TUXEDO,2016
💆,美容/ 美颜/ 瘦脸/ 按摩面部,FACE MASSAGE,2010
💇,理发/ 剪发,HAIRCUT,2010
🙍,皱着眉头的人,PERSON FROWNING,2010
🙎,撅嘴、嘟嘴的人,PERSON WITH POUTING FACE,2010
🙅,禁止、拒绝、不要的手势,FACE WITH NO GOOD GESTURE,2010
🙆,OK 手势,FACE WITH OK GESTURE,2010
💁,知客/ 接待员/ 咨询台服务员/ 柜台服务员,INFORMATION DESK PERSON,2010
🤷,耸肩,SHRUG,2016
🙋,举手/ 打招呼,HAPPY PERSON RAISING ONE HAND,2010
🤦,捂脸/ 头痛,FACE PALM,2016
🙇,鞠躬/ 道歉/ 对不起,PERSON BOWING DEEPLY,2010
🚶,走/ 行人/ 路过,PEDESTRIAN,2010
🏃,追/ 跑步/ 冲刺,RUNNER,2010
💃,女：舞蹈/ 跳舞,DANCER,2010
🕺,男：舞蹈/ 跳舞,MAN DANCING,2016
🤰,孕妇/ 怀孕/ 大肚,PREGNANT WOMAN,2016
🤱,"母乳哺育""哺乳/ 授乳""",Breast-Feeding,2017
👯,狂欢/ 跳舞兔女郎,WOMAN WITH BUNNY EARS,2010
🕴,西装革履/ 飘浮西装男,MAN IN BUSINESS SUIT LEVITATING,2014
🗣,传声头像/ 说话,SPEAKING HEAD IN SILHOUETTE,2014
👤,个人/ 用户,BUST IN SILHOUETTE,2010
👥,使用者/ 影子/ 跟踪,BUSTS IN SILHOUETTE,2010
👫,夫妇/ 姊弟/ 龙凤胎,Woman And Man Holding Hands,2010
👬,拍档/ 兄弟/ 男双胞胎,Men Holding Hands,2010
👭,牵手/ 姊妹/ 女双胞胎,Women Holding Hands,2010
🧑‍🤝‍🧑,手牵手,People Holding Hands,2019
💏,吻/ 亲亲,KISS,2010
👩‍❤️‍💋‍👨,女&爱&吻&男,"Kiss:WOMAN,MAN",2010
👨‍❤️‍💋‍👨,男&爱&吻&男,"Kiss:MAN,MAN",2010
👩‍❤️‍💋‍👩,女&爱&吻&女,"Kiss:WOMAN,WOMAN",2010
💑,浪漫/ 恩爱/ 恋爱/ Love,COUPLE WITH HEART,2010
👩‍❤️‍👨,女&爱&男〔*情侣〕,"Couple with heart:WOMAN,MAN",2010
👨‍❤️‍👨,男&爱&男〔*男同志〕,"Couple with heart:MAN,MAN",2010
👩‍❤️‍👩,女&爱&女〔*女同志〕,"Couple with heart:WOMAN,WOMAN",2010
👪,家庭/ 亲子,FAMILY,2010
👨‍👩‍👦,夫妇+儿子,"Family:MAN,WOMAN,BOY",2010
👨‍👩‍👧,夫妇+女儿,"Family:MAN,WOMAN,GIRL",2010
👨‍👩‍👧‍👦,夫妇+女+子,"Family:MAN,WOMAN,GIRL,BOY",2010
👨‍👩‍👦‍👦,夫妇+二个儿子,"Family:MAN,WOMAN,BOY,BOY",2010
👨‍👩‍👧‍👧,夫妇+二个女儿,"Family:MAN,WOMAN,GIRL,GIRL",2010
👨‍👨‍👦,三兄弟,"Family:MAN,MAN,BOY",2010
👨‍👨‍👧,三兄妹,"Family:MAN,MAN,GIRL",2010
👨‍👨‍👧‍👦,二个哥哥+二姊弟,"Family:MAN,MAN,GIRL,BOY",2010
👨‍👨‍👦‍👦,四兄弟,"Family:MAN,MAN,BOY,BOY",2010
👨‍👨‍👧‍👧,二个哥哥+二姊妹,"Family:MAN,MAN,GIRL,GIRL",2010
👩‍👩‍👦,三姊弟,"Family:WOMAN,WOMAN,BOY",2010
👩‍👩‍👧,三姊妹,"Family:WOMAN,WOMAN,GIRL",2010
👩‍👩‍👧‍👦,三个姐姐+一个弟弟,"Family:WOMAN,WOMAN,GIRL,BOY",2010
👩‍👩‍👦‍👦,二个姐姐+二个弟弟,"Family:WOMAN,WOMAN,BOY,BOY",2010
👩‍👩‍👧‍👧,四姊妹,"Family:WOMAN,WOMAN,GIRL,GIRL",2010
👨‍👦,二兄弟,"family: man, boy",2010
👨‍👦‍👦,三兄弟,"family: man, boy, boy",2010
👨‍👧,二兄妹,"family: man, girl",2010
👨‍👧‍👦,一个哥哥+二姊弟,"family: man, girl, boy",2010
👨‍👧‍👧,一个哥哥+二姊妹,"family: man, girl, girl",2010
👩‍👦,二姊弟,"family: woman, boy",2010
👩‍👦‍👦,一个姐姐+二兄弟,"family: woman, boy, boy",2010
👩‍👧,二姊妹,"family: woman, girl",2010
👩‍👧‍👦,二个姐姐+一个弟弟,"family: woman, girl, boy",2010
👩‍👧‍👧,三姊妹,"family: woman, girl, girl",2010
💪,二头肌/ 强壮/ 大只,FLEXED BICEPS,2010
🤏,短小/ 少少,Pinching Hand,2019
🤳,自拍,SELFIE,2016
👈,手指向左,WHITE LEFT POINTING BACKHAND INDEX,2010
👉,手指向右,WHITE RIGHT POINTING BACKHAND INDEX,2010
☝,1 / 第一名/ 秘密/ 朝上/ 索引/ 指数上升,WHITE UP POINTING INDEX,1995
👆,手指向上,WHITE UP POINTING BACKHAND INDEX,2010
🖕,竖中指/ 凸,REVERSED HAND WITH MIDDLE FINGER EXTENDED,2014
👇,手指向下,WHITE DOWN POINTING BACKHAND INDEX,2010
✌,Yeah / 耶/ 胜利,VICTORY HAND,1995
🤞,交叉手指/ 好运,HAND WITH INDEX AND MIDDLE FINGERS CROSSED,2016
🖖,瓦肯式敬礼- 是瓦肯人打招呼的手势。而在犹太教中有祝福的含意。,RAISED HAND WITH PART BETWEEN MIDDLE AND RING FINGERS,2014
🤘,金属礼/ 角的手势/ 绿帽子,SIGN OF THE HORNS,2015
🤙,打电话给我,CALL ME HAND,2016
🤟,我爱你手势,Love-You Gesture,2017
🤲,双手并拢手心朝上〔*顶礼/ 礼佛〕,Palms Up Together,2017
🖐,手掌〔*手指分开〕,RAISED HAND WITH FINGERS SPLAYED,2014
✋,手掌〔*手指闭合〕,RAISED HAND,2010
👌,OK / 好/ 得,OK HAND SIGN,2010
👍,Like / 赞/ 叻/ 好评,THUMBS UP SIGN,2010
👎,Dislike / 踩/ 烂/ 负评,THUMBS DOWN SIGN,2010
✊,握紧拳头,RAISED FIST,2010
👊,打/ 拳击手势,FISTED HAND SIGN,2010
🤛,左拳,LEFT-FACING FIST,2016
🤜,右拳,RIGHT-FACING FIST,2016
🤚,募集/ 反手,RAISED BACK OF HAND,2016
👋,挥手,WAVING HAND SIGN,2010
👏,拍（啪）手,CLAPPING HANDS SIGN,2010
✍,写作,WRITING HAND,1995
👐,开放/ 拥抱〔*还有我/ 我在这里〕,OPEN HANDS SIGN,2010
🙌,庆祝/ 喜悦,PERSON RAISING BOTH HANDS IN CELEBRATION,2010
🙏,求/ 祈福/ 感谢/ 击掌[*祈祷],PERSON WITH FOLDED HANDS,2010
🤝,握手,HANDSHAKE,2016
💅,美甲,NAIL POLISH,2010
👂,耳朵/ 听,EAR,2010
👃,鼻子/ 嗅,NOSE,2010
👣,脚/ 足迹,FOOTPRINTS,2010
🧠,脑袋,Brain,2017
👀,一双眼睛,EYES,2010
👁,一只眼睛,EYE,2014
👅,舌头/ 舔,TONGUE,2010
👄,口/ 嘴,MOUTH,2010
💋,唇印/ 口吻/ 嘴唇,KISS MARK,2010
🦵,腿/ 足,leg,2018
🦶,脚,foot,2018
🦷,牙齿,tooth,2018
🦴,骨头,bone,2018
💤,睡眠/ 打呼/ 呼噜,SLEEPING SYMBOL,2010
💢,生气/ 愤怒,ANGER SYMBOL,2010
👓,眼镜,EYEGLASSES,2010
🕶,墨镜/ 太阳镜/ 太阳眼镜,DARK SUNGLASSES,2014
🧣,围巾,Scarf,2017
🧤,手套,Gloves,2017
🧥,外套/ 大衣,Coat,2017
🧦,袜子,Socks,2017
🧢,棒球帽/ 鸭舌帽/ Cap帽,Billed Cap,2017
👔,领带/ 领呔/ 恤衫/ 衬衫,NECKTIE,2010
👕,T恤,T-SHIRT,2010
👖,牛仔裤/ 长裤,JEANS,2010
👗,裙子,DRESS,2010
👘,和服,KIMONO,2010
🦺,安全背心/ 反光背心/ 反光衣,Safety Vest,2019
🥻,纱丽服,Sari,2019
🩲,三角裤/ 内裤,Briefs,2019
🩳,短裤,Shorts,2019
🩱,泳衣,One-Piece Swimsuit,2019
👙,泳装,BIKINI,2010
👚,女装,WOMANS CLOTHES,2010
🥼,实验袍/ 白袍,lab coat,2018
👛,钱包,PURSE,2010
👜,手袋/ 手提包,HANDBAG,2010
👝,小袋/ 小包,POUCH,2010
🛍,购物袋,SHOPPING BAGS,2014
🎒,背包/ 背囊/ 书包,SCHOOL SATCHEL,2010
👞,皮鞋/ 男装鞋,MANS SHOE,2010
🥾,远足靴/ 登山靴/ 行山鞋,hiking boot,2018
🥿,平底鞋/ 休闲鞋/ 女装鞋,flat shoe,2018
👟,运动鞋/ 波鞋,ATHLETIC SHOE,2010
👠,高跟鞋/ 高踭鞋,HIGH-HEELED SHOE,2010
👡,凉鞋/ 拖鞋,WOMANS SANDAL,2010
🩰,芭蕾软鞋,Ballet Shoes,2019
👢,靴子,WOMANS BOOTS,2010
👑,皇冠/ 王冠,CROWN,2010
👒,女性款式的帽子,WOMANS HAT,2010
🎩,高顶礼帽/ 绅士高帽,TOP HAT,2010
🎓,毕业帽/ 四方帽,GRADUATION CAP,2010
⛑,安全帽/ 头盔,HELMET WITH WHITE CROSS,2009
📿,佛链/ 项链[*珠宝],PRAYER BEADS,2015
💄,口红/ 口唇膏/ 润唇膏,LIPSTICK,2010
💍,戒指[*珠宝],RING,2010
💎,宝石/ 钻石[*珠宝],GEM STONE,2010
🌂,伞〔*收拢〕,CLOSED UMBRELLA,2010
☂,伞〔*打开〕,UMBRELLA,1995
☔,雨伞〔*天要下雨了，请拿伞子或撑起伞子。〕,UMBRELLA WITH RAIN DROPS,2003
⛱,太阳伞/ 沙滩伞/ 遮阳伞,UMBRELLA ON GROUND,2009
🦸,超级英雄,superhero,2018
🦹,超级坏蛋,supervillain,2018
👨‍⚕️,男医生[*护士/ 治疗师],man health worker,2010
👩‍⚕️,女医生[*护士/ 治疗师],woman health worker,2010
👨‍🎓,男学生[*硕士/ 博士/ 研究生/ 大学生],man student,2010
👩‍🎓,女学生[*硕士/ 博士/ 研究生/ 大学生],woman student,2010
👨‍🏫,男老师[*教练/ 教授],man teacher,2010
👩‍🏫,女老师[*教练/ 教授],woman teacher,2010
👨‍⚖️,男法官〔*律师/ 检察官〕,man judge,2010
👩‍⚖️,女法官〔*律师/ 检察官〕,woman judge,2010
👨‍🌾,男农夫[*农民],man farmer,2010
👩‍🌾,女农夫[*农民],woman farmer,2010
👨‍🍳,男厨师,man cook,2010
👩‍🍳,女厨师,woman cook,2010
👨‍🔧,男技工[*技术员/ 蓝领],man mechanic,2010
👩‍🔧,女技工[*技术员/ 蓝领],woman mechanic,2010
👨‍🏭,男工厂工人,man factory worker,2010
👩‍🏭,女工厂工人,woman factory worker,2010
👨‍💼,男职员[*文职/ 白领],man office worker,2010
👩‍💼,女员工[*文员/ 白领],woman office worker,2010
👨‍🔬,男科学家,man scientist,2010
👩‍🔬,女科学家,woman scientist,2010
👨‍💻,男：电脑技术员〔*IT / 黑客/ Hacker〕,man technologist,2010
👩‍💻,女：电脑技术员〔*IT / 黑客/ Hacker〕,woman technologist,2010
👨‍🎤,男演员/ 男艺人,man singer,2010
👩‍🎤,女演员/ 女艺人,woman singer,2010
👨‍🎨,男艺术家,man artist,2010
👩‍🎨,女艺术家,woman artist,2010
👨‍✈️,男飞行员,man pilot,2010
👩‍✈️,女飞行员,woman pilot,2010
👨‍🚀,男航天员/ 男宇航员[*太空人],man astronaut,2010
👩‍🚀,女航天员/ 女宇航员[*太空人],woman astronaut,2010
👨‍🚒,男消防队员,man firefighter,2010
👩‍🚒,女消防员,woman firefighter,2010
👮♂️,男警察/ 男警官,man police officer,2010
👮‍♀️,女警察/ 女警官,woman police officer,2010
🕵️‍♂️,男侦探/ 男间谍,man detective,2014
🕵️‍♀️,女侦探/ 女间谍,woman detective,2014
💂‍♂️,男侍卫/ 男近卫兵/ 男守卫,man guard,2010
💂‍♀️,女侍卫/ 女近卫兵/ 女守卫,woman guard,2010
👷‍♂️,男建筑工人,man construction worker,2010
👷‍♀️,女建筑工人,woman construction worker,2010
👳‍♂️,戴缠头巾的男人,man wearing turban,2010
👳‍♀️,戴缠头巾的女人,woman wearing turban,2010
👱‍♂️,金发男子,blond-haired man,2010
👱‍♀️,金发女生,blond-haired woman,2010
👨‍🦰,红发男子,man: red hair,2018
👩‍🦰,红发女生,woman: red hair,2018
👨‍🦱,鬈发男子[*挛毛、爆炸头],man: curly hair,2018
👩‍🦱,鬈发女生[*挛毛、爆炸头],woman: curly hair,2018
👨‍🦳,白发男子,man: white hair,2018
👩‍🦳,白发女生,woman: white hair,2018
👨‍🦲,秃头男子[*光头、一拳超人],man: bald,2018
👩‍🦲,秃头女生[*光头],"Woman, Bald",2018
🙍‍♂️,皱着眉头的男人,man frowning,2010
🙍‍♀️,皱着眉头的女人,woman frowning,2010
🙎‍♂️,撅嘴、嘟嘴的男人,man pouting,2010
🙎‍♀️,撅嘴、嘟嘴的女人,woman pouting,2010
🙅‍♂️,男：禁止、拒绝、不要的手势,man gesturing NO,2010
🙅‍♀️,女：禁止、拒绝、不要的手势,woman gesturing NO,2010
🙆‍♂️,男：OK 手势,man gesturing OK,2010
🙆‍♀️,女：OK 手势,woman gesturing OK,2010
💁‍♂️,男：知客/ 接待员/ 咨询台服务员/ 柜台服务员,man tipping hand,2010
💁‍♀️,女：知客/ 接待员/ 咨询台服务员/ 柜台服务员,woman tipping hand,2010
🙋‍♂️,男：举手/ 打招呼,man raising hand,2010
🙋‍♀️,女：举手/ 打招呼,woman raising hand,2010
🙇‍♂️,男：鞠躬/ 道歉/ 对不起,man bowing,2010
🙇‍♀️,女：鞠躬/ 道歉/ 对不起,woman bowing,2010
🤦‍♂️,男：捂脸/ 头痛,man facepalming,2016
🤦‍♀️,女：捂脸/ 头痛,woman facepalming,2016
🤷‍♂️,耸肩的男子,man shrugging,2016
🤷‍♀️,耸肩的女生,woman shrugging,2016
💆‍♂️,男：美容/ 美颜/ 瘦脸/ 按摩面部,man getting massage,2010
💆‍♀️,女：美容/ 美颜/ 瘦脸/ 按摩面部,woman getting massage,2010
💇‍♂️,男：理发/ 剪发,man getting haircut,2010
💇‍♀️,女：理发/ 剪发,woman getting haircut,2010
🚶‍♂️,男：走/ 行人/ 路过,man walking,2010
🚶‍♀️,女：走/ 行人/ 路过,woman walking,2010
🏃‍♂️,男：追/ 跑步/ 冲刺,man running,2010
🏃‍♀️,女：追/ 跑步/ 冲刺,woman running,2010
👯‍♂️,狂欢/ 跳舞兔男,men with bunny ears partying,2010
👯‍♀️,狂欢/ 跳舞兔女,women with bunny ears partying,2010
🕴🏻,西装革履/ 飘浮西装男,man in business suit,2015
🧏,聋人,Deaf Person,2019
🧍,站起来的人,Person Standing,2019
🧎,跪坐/ 跪拜[*祈祷],Person Kneeling,2019
👩‍🦼,坐在电动轮椅的女人,Woman in Motorized Wheelchair,2019
👨‍🦼,坐在电动轮椅的男人,Man in Motorized Wheelchair,2019
👩‍🦽,坐在手动轮椅的女人,Woman in Manual Wheelchair,2019
👨‍🦽,坐在手动轮椅的男人,Man in Manual Wheelchair,2019
👩‍🦯,女：盲人,Woman With Probing Cane,2019
👨‍🦯,男：盲人,Man With Probing Cane,2019
🎠,旋转木马,CAROUSEL HORSE,2010
🎡,摩天轮,FERRIS WHEEL,2010
🎢,云霄飞车/ 过山车,ROLLER COASTER,2010
🎪,马戏团,CIRCUS TENT,2010
🎭,表演艺术“演艺”,PERFORMING ARTS,2010
🎨,调色盘/ 调色板〔*画画/ 美术〕,ARTIST PALETTE,2010
🎰,角子机/ 老虎机/ 柏青哥/ 柏青嫂,SLOT MACHINE,2010
🎗,丝带,REMINDER RIBBON,2014
🏵,花饰,ROSETTE,2014
🎟,门票/ 入场券,ADMISSION TICKETS,2014
🎫,票/ 入场证,TICKET,2010
🎖,军事奖章/ 功勋章,MILITARY MEDAL,2014
🏆,奖杯/ 奖座,TROPHY,2010
🏅,奖牌,SPORTS MEDAL,2014
🥇,金牌/ 第一名奖章,FIRST PLACE MEDAL,2016
🥈,银牌/ 第二名奖章,SECOND PLACE MEDAL,2016
🥉,铜牌/ 第三名奖章,THIRD PLACE MEDAL,2016
⚽,足球,SOCCER BALL,2009
⚾,棒球,BASEBALL,2009
🏀,篮球,BASKETBALL AND HOOP,2010
🏐,排球,VOLLEYBALL,2015
🏈,美式足球,AMERICAN FOOTBALL,2010
🏉,英式橄榄球,RUGBY FOOTBALL,2010
🎾,网球拍,TENNIS RACQUET AND BALL,2010
🎱,撞球/ 桌球/ 台球,BILLIARDS,2010
🎳,保龄球,BOWLING,2010
🏏,板球球棒/ 木球球棒,CRICKET BAT AND BALL,2015
🏑,曲棍球棍,FIELD HOCKEY STICK AND BALL,2015
🏒,冰上曲棍球棒,ICE HOCKEY STICK AND PUCK,2015
🏓,乒乓球拍,TABLE TENNIS PADDLE AND BALL,2015
🏸,羽毛球拍,BADMINTON RACQUET AND SHUTTLECOCK,2015
🥊,拳击手套,BOXING GLOVE,2016
🥋,武术制服〔*功夫/ 柔道/ 空手道/ 跆拳道〕,MARTIAL ARTS UNIFORM,2016
⛳,果岭,FLAG IN HOLE,2009
🏌,高尔夫球/ 哥尔夫球,GOLFER,2014
⛸,溜冰鞋/ 滑冰鞋,ICE SKATE,2009
🎣,钓鱼杆/ 钓鱼竿,FISHING POLE AND FISH,2010
🎽,运动衫/ 运动恤,RUNNING SHIRT WITH SASH,2010
🎿,滑雪板+滑雪靴,SKI AND SKI BOOT,2010
⛷,滑雪,SKIER,2009
🏂,滑雪,SNOWBOARDER,2010
🏄,冲浪/ 滑浪,SURFER,2010
🏇,赛马/ 骑马,HORSE RACING,2010
🏊,游泳/ 游水,SWIMMER,2010
⛹,篮球,PERSON WITH BALL,2009
🏋,举重,WEIGHT LIFTER,2014
🚴,骑自行车/ 踩单车,BICYCLIST,2010
🚵,登山车/ 山地车/ 越野单车,MOUNTAIN BICYCLIST,2010
🏎,赛车〔*一级方程式〕,RACING CAR,2014
🏍,摩托车、电单车比赛,RACING MOTORCYCLE,2014
🤸,侧手翻/ 打关斗/ 打筋斗,PERSON DOING CARTWHEEL,2016
🤼,角力/ 摔角/ 摔跤,WRESTLERS,2016
🤽,水球,WATER POLO,2016
🤾,手球,HANDBALL,2016
🤺,剑术/ 击剑/ 剑击,FENCER,2016
🥅,球门/ 龙门,GOAL NET,2016
🤹,杂技/ 杂耍/ 杂耍,JUGGLING,2016
🎯,射击〔*飞镖/ 射箭〕,DIRECT HIT,2010
🎮,电玩游戏/ 游戏手把/ 手柄,VIDEO GAME,2010
🕹,摇杆/ 控制杆,JOYSTICK,2014
🎲,骰子,GAME DIE,2010
♠,矛头/ 黑桃/ 葵花/ 葵扇[*花色],BLACK SPADE SUIT,1995
♥,桃/ 红桃/ 桃花/ 红心[*花色],BLACK HEART SUIT,1995
♦,方块/ 阶/ 阶砖[*花色],BLACK DIAMOND SUIT,1995
♣,花/ 梅花[*花色],BLACK CLUB SUIT,1995
🃏,百搭牌/ 鬼牌/ 小丑牌/ 皇牌,PLAYING CARD BLACK JOKER,2010
🀄,红中/ 麻将牌/ 麻雀牌,MAHJONG TILE RED DRAGON,2008
🎴,花牌/ 花札/ 扑克牌/ 啤牌,FLOWER PLAYING CARDS,2010
🎼,乐谱[*音乐],MUSICAL SCORE,2010
🎵,音符[*音乐],MUSICAL NOTE,2010
🎶,多音符[*音乐],MULTIPLE MUSICAL NOTES,2010
🎙,定向麦克风/ 定向咪高峰[*传声器],STUDIO MICROPHONE,2014
🎤,麦克风/ 咪高峰[*传声器],MICROPHONE,2010
🎧,耳机/ 耳塞,HEADPHONE,2010
🎷,萨克斯風/ 色士风,SAXOPHONE,2010
🎸,吉他/ 结他,GUITAR,2010
🎹,琴键〔*钢琴/ 电子琴〕,MUSICAL KEYBOARD,2010
🎺,小号,TRUMPET,2010
🎻,小提琴,VIOLIN,2010
🪕,班祖琴/ 斑鸠琴/ 班卓琴/ 五弦琴,Banjo,2019
🥁,鼓,DRUM WITH DRUMSTICKS,2016
🏇🏻,赛马/ 骑马,horse,2015
🏂🏻,滑雪,snowboarder,2015
🛷,雪橇,Sled,2017
🥌,冰壶,Curling Stone,2017
🏌🏻,打高尔夫球/ 打哥尔夫球,person golfing,2015
🏌️‍♂️,男：打高尔夫球/ 打哥尔夫球,man golfing,2014
🏌️‍♀️,女：打高尔夫球/ 打哥尔夫球,woman golfing,2014
🏄‍♂️,男：冲浪/ 滑浪,man surfing,2010
🏄‍♀️,女：冲浪/ 滑浪,woman surfing,2010
🚣‍♂️,男：赛艇/ 划船/ 划艇/ 舢舨,man rowing boat,2010
🚣‍♀️,女：赛艇/ 划船/ 划艇/ 舢舨,woman rowing boat,2010
🏊‍♂️,男：游泳/ 游水,man swimming,2010
🏊‍♀️,女：游泳/ 游水,woman swimming,2010
⛹️‍♂️,男：打篮球,man bouncing ball,2009
⛹️‍♀️,女：打篮球,woman bouncing ball,2009
🏋️‍♂️,男：举重,man lifting weights,2014
🏋️‍♀️,女：举重,woman lifting weights,2014
🚴‍♂️,男：骑自行车/ 踩单车,man biking,2010
🚴‍♀️,女：骑自行车/ 踩单车,woman biking,2010
🚵‍♂️,男：登山车/ 山地车/ 越野单车,man mountain biking,2010
🚵‍♀️,女：登山车/ 山地车/ 越野单车,woman mountain biking,2010
🤸‍♂️,男：侧手翻/ 打关斗/ 打筋斗,man cartwheeling,2016
🤸‍♀️,女：侧手翻/ 打关斗/ 打筋斗,woman cartwheeling,2016
🤼‍♂️,男： 角力/ 摔角/ 摔跤,men wrestling,2016
🤼‍♀️,女： 角力/ 摔角/ 摔跤,women wrestling,2016
🤽‍♂️,男：打水球,man playing water polo,2016
🤽‍♀️,女：打水球,woman playing water polo,2016
🤾‍♂️,男：打手球,man playing handball,2016
🤾‍♀️,女：打手球,woman playing handball,2016
🤹‍♂️,男：杂技/ 杂耍/ 杂耍,man juggling,2016
🤹‍♀️,女：杂技/ 杂耍/ 杂耍,woman juggling,2016
🛹,滑板,skateboard,2018
🥎,垒球,softball,2018
🥏,飞盘,flying disc,2018
🥍,袋棍球/ 长曲棍球/ 曲棍网球,lacrosse,2018
🧩,拼图,jigsaw,2018
♟️,国际象棋,chess pawn,1993
🤿,潜水镜/ 潜水面镜,Diving Mask,2019
🪀,摇摇/ 溜溜球/ 悠悠球,Yo-Yo,2019
🪁,风筝/ 纸鹞/ 纸鸢/ 风吹,Kite,2019
🏔,雪山,SNOW CAPPED MOUNTAIN,2014
⛰,山林,MOUNTAIN,2009
🌋,火山,VOLCANO,2010
🗻,富士山,MOUNT FUJI,2010
🏖,海滩/ 沙滩,BEACH WITH UMBRELLA,2014
🏜,沙漠,DESERT,2014
🏝,荒岛/ 海岛,DESERT ISLAND,2014
🏞,国家公园,NATIONAL PARK,2014
🏟,体育场,STADIUM,2014
🏛,古典建筑物,CLASSICAL BUILDING,2014
🏗,建设/ 施工,BUILDING CONSTRUCTION,2014
🏘,住宅区,HOUSE BUILDINGS,2014
🏙,城市景色/ 都市美景,CITYSCAPE,2014
🏚,荒废的建筑物,DERELICT HOUSE BUILDING,2014
🏠,房屋,HOUSE BUILDING,2010
🏡,豪宅/ 别墅/ 花园洋房,HOUSE WITH GARDEN,2010
🏢,办公大楼/ 写字楼,OFFICE BUILDING,2010
🏣,日本邮便局,JAPANESE POST OFFICE,2010
🏤,邮政局,EUROPEAN POST OFFICE,2010
🏥,医院,HOSPITAL,2010
🏦,银行,BANK,2010
🏨,酒店,HOTEL,2010
🏩,爱情宾馆/ 爱情公寓,LOVE HOTEL,2010
🏪,便利店/ 商店,CONVENIENCE STORE,2010
🏫,学校,SCHOOL,2010
🏬,百货店/ 百货公司,DEPARTMENT STORE,2010
🏭,工厂,FACTORY,2010
⛲,喷泉,FOUNTAIN,2009
💈,理发店,BARBER POLE,2010
🏯,日本式城堡,JAPANESE CASTLE,2010
🏰,欧堡,EUROPEAN CASTLE,2010
💒,结婚礼堂,WEDDING,2010
🗼,东京铁塔/ 艾菲尔铁塔,TOKYO TOWER,2010
🗽,自由女神像,STATUE OF LIBERTY,2010
⛪,教堂,CHURCH,2009
🕌,清真寺/ 回教堂,MOSQUE,2015
🕍,犹太教堂/ 犹太会堂,SYNAGOGUE,2015
🛕,印度神庙,Hindu Temple,2019
⛩,神社,SHINTO SHRINE,2009
🕋,克尔白/ 卡巴天房,KAABA,2015
⛺,露营[*帐篷],TENT,2009
🏕,露营[*帐篷],CAMPING,2014
🚂,蒸汽机车/ 蒸汽火车,STEAM LOCOMOTIVE,2010
🚃,铁路车辆/ 车卡/ 车厢,RAILWAY CAR,2010
🚄,高速铁路“高铁”,HIGH-SPEED TRAIN,2010
🚅,新干线/ 子弹火车/ 子弹列车,HIGH-SPEED TRAIN WITH BULLET NOSE,2010
🚆,列车/ 火车,TRAIN,2010
🚇,地下铁路“地铁”,METRO,2010
🚈,轻轨铁路/ 轻便铁路”轻轨/ 轻铁”,LIGHT RAIL,2010
🚉,铁路站,STATION,2010
🚊,有轨电车〔*登山缆车〕,TRAM,2010
🚝,单轨铁路,MONORAIL,2010
🚞,山区铁路,MOUNTAIN RAILWAY,2010
🚋,有轨电车〔*叮叮车〕,TRAM CAR,2010
🚌,巴士/ 公交车,BUS,2010
🚍,观光巴士/ 旅游巴士/ 公共汽车,ONCOMING BUS,2010
🚎,无轨电车“电车”,TROLLEYBUS,2010
🚏,车站,BUS STOP,2010
🚐,公共小型巴士“小巴/ Van仔”,MINIBUS,2010
🚑,救护车/ 救伤车,AMBULANCE,2010
🚒,消防车,FIRE ENGINE,2010
🚓,警车〔*侧面〕,POLICE CAR,2010
🚔,警车〔*正面〕,ONCOMING POLICE CAR,2010
🚕,出租车/ 的士〔*侧面〕,TAXI,2010
🚖,出租车/ 的士〔*正面〕,ONCOMING TAXI,2010
🚗,轿车/ 私家车〔*侧面〕,AUTOMOBILE,2010
🚘,轿车/ 私家车〔*正面〕,ONCOMING AUTOMOBILE,2010
🚙,房车/ 露营车,RECREATIONAL VEHICLE,2010
🚚,货车/ 货Van,DELIVERY TRUCK,2010
🚛,货柜车/ 密斗货车/ 卡车/ 拖车头“拖头”,ARTICULATED LORRY,2010
🚜,拖拉机,TRACTOR,2010
🛺,笃笃/ 嘟嘟车〔*三脚鸡/ 三蹦子〕,Auto Rickshaw,2019
🚲,自行车/ 单车,BICYCLE,2010
⛽,燃油泵/ 汽油泵/ 油站,FUEL PUMP,2009
🛣,高速公路,MOTORWAY,2014
🛤,铁路轨道,RAILWAY TRACK,2014
🚨,警示灯/ 信号灯/ 指示灯,POLICE CARS REVOLVING LIGHT,2010
🚥,交通灯〔*横向〕,HORIZONTAL TRAFFIC LIGHT,2010
🚦,交通灯〔*直立〕,VERTICAL TRAFFIC LIGHT,2010
🏁,格子旗/ 方格旗〔*赛车标志/ 赛车旗帜〕,CHEQUERED FLAG,2010
🚧,拒马/ 施工防护栏,CONSTRUCTION SIGN,2010
🛴,滑板车,SCOOTER,2016
🛵,摩托车/ 电单车/ 机车,MOTOR SCOOTER,2016
⚓,锚,ANCHOR,2005
⛵,帆船,SAILBOAT,2009
🚣,赛艇/ 划船/ 划艇/ 舢舨,ROWBOAT,2010
🛶,独木舟,CANOE,2016
🚤,快艇,SPEEDBOAT,2010
🛳,客轮/ 客船,PASSENGER SHIP,2014
⛴,渡轮/ 渡船,FERRY,2009
🛥,马达快艇/ 大飞,MOTOR BOAT,2014
🚢,货船/ 货轮/ 船舶,SHIP,2010
✈,民航飞机/ 固定翼飞机“定翼机”,AIRPLANE,1995
🛩,小型飞机,SMALL AIRPLANE,2014
🛫,飞机起飞,AIRPLANE DEPARTURE,2014
🛬,飞机降落,AIRPLANE ARRIVING,2014
🚁,直升机,HELICOPTER,2010
🚟,悬挂式单轨铁路“空铁”,SUSPENSION RAILWAY,2010
🚠,缆车,MOUNTAIN CABLEWAY,2010
🚡,缆车,AERIAL TRAMWAY,2010
🚀,火箭,ROCKET,2010
🛰,卫星,SATELLITE,2014
🎆,烟花,FIREWORKS,2010
🎇,烟火/ 焰火,FIREWORK SPARKLER,2010
🧨,爆竹/ 鞭炮,firecracker,2018
🗿,摩艾石像/ 复活节岛人像,MOYAI,2010
🗺,世界地图,WORLD MAP,2014
🗾,日本地图,SILHOUETTE OF JAPAN,2010
🛸,飞碟/ 幽浮〔*不明飞行物〕,Flying Saucer,2017
🧱,砖块,brick,2018
🪂,降落伞/ 保险伞,Parachute,2019
🧧,红包/ 红封包/ 利是,red envelope,2018
⌚,手表,WATCH,1995
💌,情信/ 情书,LOVE LETTER,2010
💣,炸弹,BOMB,2010
🖼,画框/ 相片框架〔*博物馆/ 画展〕,FRAME WITH PICTURE,2014
💺,座位,SEAT,2014
🪑,椅子,Chair,2019
📻,收音机/ 无线电/ 电台,RADIO,2010
🌡,温度计/ 体温计/ 探热针,THERMOMETER,2014
🕳,洞口/ 孔/ 穴,HOLE,2014
🏺,双耳瓶,AMPHORA,2015
🌐,地球仪,GLOBE WITH MERIDIANS,2010
🛎,玲/ 叮叮,BELLHOP BELL,2014
🚪,门,DOOR,2010
🛌,睡寝,SLEEPING ACCOMMODATION,2014
🛏,床,BED,2014
🛋,沙发,COUCH AND LAMP,2014
🚽,马桶/ 座厕,TOILET,2010
🚿,花洒/ 莲蓬头[*淋浴],SHOWER,2010
🛀,洗澡/ 卫浴[*淋浴],BATH,2010
🛁,浴缸[*淋浴],BATHTUB,2010
⌛,漏尽的沙漏,HOURGLASS,1995
⏳,流动的沙漏,HOURGLASS WITH FLOWING SAND,2010
⏰,闹钟,ALARM CLOCK,2010
⏱,秒表/ 停表,STOPWATCH,2010
⏲,计时器,TIMER CLOCK,2010
🕰,座钟/ 壁炉钟/ 落地钟,MANTELPIECE CLOCK,2014
🎈,气球,BALLOON,2010
🎉,拉炮彩带/ 礼花炮“礼花”,PARTY POPPER,2010
🎊,彩色纸屑,CONFETTI BALL,2010
🎋,七夕树“七夕”,TANABATA TREE,2010
🎍,门松,PINE DECORATION,2010
🎎,玩偶/ 日本娃娃/ 雏祭,JAPANESE DOLLS,2010
🎏,鲤鱼旗,CARP STREAMER,2010
🎐,风铃,WIND CHIME,2010
🎑,芋名月/ 八月十五夜“十五夜”,MOON VIEWING CEREMONY,2010
🎀,缎带/ 饰带/ 蝴蝶结,RIBBON,2010
🎁,礼物盒,WRAPPED PRESENT,2010
📯,邮号,POSTAL HORN,2010
📱,手机,MOBILE PHONE,2010
☎,电话,BLACK TELEPHONE,1995
📞,电话听筒,TELEPHONE RECEIVER,2010
📟,呼叫器/ 传呼机/ 寻呼机,PAGER,2010
📠,传真机,FAX MACHINE,2010
🔋,电池/ 电量,BATTERY,2010
🔌,电源插头,ELECTRIC PLUG,2010
💻,笔记型电脑/ 手提电脑/ 笔记本电脑,PERSONAL COMPUTER,2010
🖥,桌上型电脑/ 桌面电脑/ 台式机,DESKTOP COMPUTER,2014
🖨,印表机/ 打印机,PRINTER,2014
⌨,电脑键盘,KEYBOARD,1995
🖱,滑鼠/ 鼠标,THREE BUTTON MOUSE,2014
🖲,轨迹球,TRACKBALL,2014
💽,MiniDisc,MINIDISC,2010
💾,软碟/ 软盘/ 磁碟,FLOPPY DISK,2010
💿,光盘/ 光碟,OPTICAL DISC,2010
📀,影音光碟/ 影音光盘,DVD,2010
🎥,摄影机,MOVIE CAMERA,2010
🎦,电影院/ 放映院,CINEMA,2010
🎞,底片/ 胶卷/ 胶片,FILM FRAMES,2014
📽,放映机/ 投影机,FILM PROJECTOR,2014
🎬,场记板/ 拍板,CLAPPER BOARD,2014
📺,电视机/ 萤幕,TELEVISION,2010
📷,相机,CAMERA,2010
📸,闪光灯,CAMERA WITH FLASH,2014
📹,录影机,VIDEO CAMERA,2010
📼,录像带/ 录影带,VIDEOCASSETTE,2010
🔍,放大镜/ 搜寻〔*左〕,LEFT-POINTING MAGNIFYING GLASS,2010
🔎,放大镜/ 搜索〔*右〕,RIGHT-POINTING MAGNIFYING GLASS,2010
🔬,显微镜,MICROSCOPE,2010
🔭,望远镜,TELESCOPE,2010
📡,卫星天线,SATELLITE ANTENNA,2010
🪔,陶碗油灯,Diya Lamp,2019
🕯,蜡烛,CANDLE,2014
💡,电灯泡/ 电灯胆,ELECTRIC LIGHT BULB,2010
🔦,手电筒,ELECTRIC TORCH,2010
🏮,居酒屋/ 灯笼,IZAKAYA LANTERN,2010
📔,笔记本,NOTEBOOK WITH DECORATIVE COVER,2010
📕,书〔*闭〕,CLOSED BOOK,2010
📖,书〔*开〕,OPEN BOOK,2010
📗,绿皮书,GREEN BOOK,2010
📘,蓝皮书,BLUE BOOK,2010
📙,黄皮书,ORANGE BOOK,2010
📚,图书/ 书籍〔*图书馆〕,BOOKS,2010
📓,笔记本,NOTEBOOK,2010
📒,记帐簿/ 数簿,LEDGER,2010
📃,纸〔*卷曲〕,PAGE WITH CURL,2010
📜,卷轴,SCROLL,2010
📄,文件/ 文档/ 纸〔*铺平〕,PAGE FACING UP,2010
📰,报纸〔*平铺〕,NEWSPAPER,2010
🗞,报纸〔*卷起〕,ROLLED-UP NEWSPAPER,2014
📑,书签/ 标记,BOOKMARK TABS,2010
🔖,书签,BOOKMARK,2010
🏷,标签,LABEL,2014
💰,钱袋,MONEY BAG,2010
💴,日圆,BANKNOTE WITH YEN SIGN,2010
💵,美元,BANKNOTE WITH DOLLAR SIGN,2010
💶,欧元,BANKNOTE WITH EURO SIGN,2010
💷,英镑,BANKNOTE WITH POUND SIGN,2010
💸,金钱/ 货币,MONEY WITH WINGS,2010
💳,信用卡/ 提款卡/ 转帐卡/ 扣账卡/ 签帐卡/ 借记卡,CREDIT CARD,2010
✉,信封,ENVELOPE,1995
📤,文件托盘〔*递送〕,OUTBOX TRAY,2010
📥,文件托盘〔*收集〕,INBOX TRAY,2010
📦,包装/ 包裹,PACKAGE,2010
📫,信箱旗杆向上〔*代表：Outgoing Mail，寄出信件。〕,CLOSED MAILBOX WITH RAISED FLAG,2010
📪,信箱旗杆降下〔*代表：Incoming Mail，接收信件。〕,CLOSED MAILBOX WITH LOWERED FLAG,2010
📬,打开信箱，收送信件。,OPEN MAILBOX WITH RAISED FLAG,2010
📭,打开信箱，没有信件。,OPEN MAILBOX WITH LOWERED FLAG,2010
📮,邮箱,POSTBOX,2010
🗳,票箱,BALLOT BOX WITH BALLOT,2014
✏,铅笔,PENCIL,1995
✒,笔尖,BLACK NIB,1995
🖋,钢笔,LOWER LEFT FOUNTAIN PEN,2014
🖊,原子笔/ 圆珠笔,LOWER LEFT BALLPOINT PEN,2014
🖌,画笔,LOWER LEFT PAINTBRUSH,2014
🖍,蜡笔,LOWER LEFT CRAYON,2014
📝,备忘录,MEMO,2010
💼,公事包/ 公文袋,BRIEFCASE,2010
📁,文件夹〔*关闭〕,FILE FOLDER,2010
📂,文件夹〔*打开〕,OPEN FILE FOLDER,2010
🗂,分类纸,CARD INDEX DIVIDERS,2014
📅,日历,CALENDAR,2010
📆,撕页日历,TEAR-OFF CALENDAR,2010
🗒,螺旋记事本,SPIRAL NOTE PAD,2014
🗓,螺旋日历,SPIRAL CALENDAR PAD,2014
📇,分类卡/ 索引卡片,CARD INDEX,2010
📋,剪贴簿/ 剪贴板,CLIPBOARD,2010
📌,图钉,PUSHPIN,2010
📍,圆图钉,ROUND PUSHPIN,2010
📎,回纹针/ 万字夹/ 回形针/ 曲别针,PAPERCLIP,2010
🖇,回纹针/ 万字夹/ 回形针/ 曲别针〔*链接扣〕,LINKED PAPERCLIPS,2014
📏,直尺/ 间尺,STRAIGHT RULER,2010
📐,三角尺,TRIANGULAR RULER,2010
✂,剪刀/ 铰剪,BLACK SCISSORS,1995
🗃,卡片及文件箱,CARD FILE BOX,2014
🗄,文件柜,FILE CABINET,2014
🗑,废纸篓/ 废纸桶,WASTEBASKET,2014
🔒,锁〔*关〕,LOCK,2010
🔓,锁〔*开〕,OPEN LOCK,2010
🔏,锁笔,LOCK WITH INK PEN,2010
🔐,锁定,CLOSED LOCK WITH KEY,2010
🔑,锁匙/ 钥匙,KEY,2010
🗝,古董钥匙,OLD KEY,2014
🔨,锤子/ 锤子,HAMMER,2010
⛏,鹤嘴锄/ 镐,PICK,2009
⚒,槌子+石工锤,HAMMER AND PICK,2005
🛠,锤子+扳手,HAMMER AND WRENCH,2014
🗡,匕首/ 刀子,DAGGER KNIFE,2014
⚔,剑/ 刀,CROSSED SWORDS,2005
🔫,手枪（枪）,PISTOL,2010
🏹,弓箭,BOW AND ARROW,2014
🛡,盾牌,SHIELD,2014
🔧,扳手〔*士巴拿/ 昔士〕,WRENCH,2010
🔩,螺丝+螺母/ 螺栓,NUT AND BOLT,2010
⚙,齿轮,GEAR,2005
🗜,万力/ 虎钳/ C型夹/ 桌边夹〔*电脑：压缩档案文件〕,COMPRESSION,2014
⚗,蒸馏器/ 蒸馏瓶,ALEMBIC,2005
⚖,天平/ 天秤,SCALES,2005
🔗,锁链〔*电脑：URL / 连结/ 链接〕,LINK SYMBOL,2010
⛓,锁链,CHAINS,2009
💉,注射器/ 针筒,SYRINGE,2010
💊,药丸/ 胶囊,PILL,2010
🚬,香烟/ 吸烟,SMOKING SYMBOL,2010
⚰,棺材/ 灵柩,COFFIN,2005
⚱,骨灰坛/ 骨灰龛/ 金塔,FUNERAL URN,2005
🛢,油桶,OIL DRUM,2014
🔮,水晶球/ 石英球〔*魔法球/ 占卜〕,CRYSTAL BALL,2010
🧿,Nazar护身符〔*邪恶之眼护身符〕,nazar amulet,2018
🛒,手推车/ 购物车,SHOPPING TROLLEY,2016
🏧,自动柜员机/ 自动提款机,AUTOMATED TELLER MACHINE,2010
🛌🏻,睡寝,person in bed,2015
🧭,指南针,compass,2018
🧳,行李箱,luggage,2018
🧸,泰迪熊,teddy bear,2018
🧵,线轴/ 线辘/ 线圈架〔*裁缝〕,thread,2018
🧶,纱线/ 毛线球,yarn,2018
🥽,护目镜,goggles,2018
🧮,算盘,abacus,2018
🧾,收据/ 发票,receipt,2018
🧰,工具箱,toolbox,2018
🧲,磁铁/ 磁石,magnet,2018
🧪,试管,test tube,2018
🧫,培养皿,petri dish,2018
🧬,去氧核糖核酸/ 脱氧核糖核酸,DNA,2018
🧴,乳液瓶〔*是一种化妆品、护肤品、洗手液的包装容器〕,lotion bottle,2018
🧷,"安全别针""别针"" / ""扣针""",safety pin,2018
🧹,扫帚/ 扫把,broom,2018
🧺,篮子〔*篓/ 筐〕,basket,2018
🧻,卷纸/ 滚筒纸/ 纸卷〔*厕纸、抹手纸〕,roll of paper,2018
🧼,肥皂/ 番枧/ 香氛皂/ 洁面皂/ 磨砂皂/ 手工皂,soap,2018
🧽,海绵〔*洗车、洗澡、洗碗碟〕,sponge,2018
🧯,灭火器/ 灭火筒,fire extinguisher,2018
🦾,机械臂,Mechanical Arm,2019
🦿,机械腿,Mechanical Leg,2019
🦻,助听器〔*辅助听力工具〕,Ear With Hearing Aid,2019
🦽,手动轮椅,Manual Wheelchair,2019
🦼,电动轮椅,Motorized Wheelchair,2019
🪓,斧头,Axe,2019
🦯,白杖/ 白手杖/ 手杖/ 盲人拐杖,Probing Cane,2019
🩹,药水胶布/ OK绷,Adhesive Bandage,2019
🩺,听诊器,Stethoscope,2019
🪒,刮胡刀/ 剃须刀,Razor,2019
💘,一箭穿心/ 邱比特,HEART WITH ARROW,2010
❤,一颗心,HEAVY BLACK HEART,1995
💓,心跳/ 心脏,BEATING HEART,2010
💔,心碎,BROKEN HEART,2010
💕,心心相印,TWO HEARTS,2010
💖,心闪闪发光,SPARKLING HEART,2010
💗,心灵,GROWING HEART,2010
💙,蓝心,BLUE HEART,2010
💚,绿心,GREEN HEART,2010
💛,黄心,YELLOW HEART,2010
🧡,橙心,Orange Heart,2017
💜,紫心,PURPLE HEART,2010
🖤,黑心,BLACK HEART,2016
🤍,白心,White Heart,2019
🤎,棕心,Brown Heart,2019
💝,心型礼盒,HEART WITH RIBBON,2010
💞,心随境转/ 境随心转,REVOLVING HEARTS,2010
💟,心型饰品,HEART DECORATION,2010
❣,心形叹号装饰/ 叹号!,HEAVY HEART EXCLAMATION MARK ORNAMENT,1995
💥,爆炸/ 碰(Boom)...,COLLISION SYMBOL,2010
💨,飞奔/ 疾驰/ 放屁/ 喷射,DASH SYMBOL,2010
💫,晕/ 星级,DIZZY SYMBOL,2010
💬,对话框〔*圆角向右〕,SPEECH BALLOON,2010
🗨,对话框〔*圆圈向左〕,LEFT SPEECH BUBBLE,2014
🗯,对话框〔*星状向右〕,RIGHT ANGER BUBBLE,2014
💭,对话框〔*云状向右〕,THOUGHT BALLOON,2010
🕛,十二点钟/ 12:00,CLOCK FACE TWELVE OCLOCK,2010
🕧,十二点半/ 12:30,CLOCK FACE TWELVE-THIRTY,2010
🕐,一点钟/ 1:00,CLOCK FACE ONE OCLOCK,2010
🕜,一点半/ 1:30,CLOCK FACE ONE-THIRTY,2010
🕑,二点钟/ 2:00,CLOCK FACE TWO OCLOCK,2010
🕝,二点半/ 2:30,CLOCK FACE TWO-THIRTY,2010
🕒,三点钟/ 3:00,CLOCK FACE THREE OCLOCK,2010
🕞,三点半/ 3:30,CLOCK FACE THREE-THIRTY,2010
🕓,四点钟/ 4:00,CLOCK FACE FOUR OCLOCK,2010
🕟,四点半/ 4:30,CLOCK FACE FOUR-THIRTY,2010
🕔,五点钟/ 5:00,CLOCK FACE FIVE OCLOCK,2010
🕠,五点半/ 5:30,CLOCK FACE FIVE-THIRTY,2010
🕕,六点钟/ 6:00,CLOCK FACE SIX OCLOCK,2010
🕡,六点半/ 6:30,CLOCK FACE SIX-THIRTY,2010
🕖,七点钟/ 7:00,CLOCK FACE SEVEN OCLOCK,2010
🕢,七点半/ 7:30,CLOCK FACE SEVEN-THIRTY,2010
🕗,八点钟/ 8:00,CLOCK FACE EIGHT OCLOCK,2010
🕣,八点半/ 8:30,CLOCK FACE EIGHT-THIRTY,2010
🕘,九点钟/ 9:00,CLOCK FACE NINE OCLOCK,2010
🕤,九点半/ 9:30,CLOCK FACE NINE-THIRTY,2010
🕙,十点钟/ 10:00,CLOCK FACE TEN OCLOCK,2010
🕥,十点半/ 10:30,CLOCK FACE TEN-THIRTY,2010
🕚,十一点钟/ 11:00,CLOCK FACE ELEVEN OCLOCK,2010
🕦,十一点半/ 11:30,CLOCK FACE ELEVEN-THIRTY,2010
🔇,静音[*音量/ 喇叭],SPEAKER WITH CANCELLATION STROKE,2010
🔈,低音[*音量/ 喇叭],SPEAKER,2010
🔉,中音[*音量/ 喇叭],SPEAKER WITH ONE SOUND WAVE,2010
🔊,高音[*音量/ 喇叭],SPEAKER WITH THREE SOUND WAVES,2010
📢,扬声器/ 公共广播,PUBLIC ADDRESS LOUDSPEAKER,2010
📣,扩音器/ 大声公,CHEERING MEGAPHONE,2010
🔔,钟/ 铃铛,BELL,2010
🔕,静音,BELL WITH CANCELLATION STROKE,2010
🎚,滑动条[*混音器],LEVEL SLIDER,2014
🎛,控制旋钮[*混音器],CONTROL KNOBS,2014
💹,汇率分析,CHART WITH UPWARDS TREND AND YEN SIGN,2010
💲,金钱/ 货币,HEAVY DOLLAR SIGN,2010
💱,货币兑换,CURRENCY EXCHANGE,2010
📧,电子邮件,E-MAIL SYMBOL,2010
📨,接收邮件,INCOMING ENVELOPE,2010
📩,发送邮件,ENVELOPE WITH DOWNWARDS ARROW ABOVE,2010
📈,上升趋势图,CHART WITH UPWARDS TREND,2010
📉,下跌趋势图,CHART WITH DOWNWARDS TREND,2010
📊,条形统计图/ 柱形图,BAR CHART,2010
🚮,垃圾告示牌,PUT LITTER IN ITS PLACE SYMBOL,2010
🚰,饮用水标志,POTABLE WATER SYMBOL,2010
♿,无障碍/ 伤残人士专用区或洗手间“厕所”,WHEELCHAIR SYMBOL,2005
🚹,男士专用区或厕所或更衣室,MENS SYMBOL,2010
🚺,女士专用区或洗手间或更衣室,WOMENS SYMBOL,2010
🚻,洗手间/ 厕所/ 卫生间,RESTROOM,2010
🚼,婴儿专用区或育婴室〔*哺(集)乳室〕,BABY SYMBOL,2010
🚾,洗手间/ 厕所/ 卫生间,WATER CLOSET,2010
🛂,护照检查处[*出入境],PASSPORT CONTROL,2010
🛃,海关检查处[*出入境],CUSTOMS,2010
🛄,行李提领处,BAGGAGE CLAIM,2010
🛅,行李舱- 是寄放行李的空间。,LEFT LUGGAGE,2010
🛑,路牌/ 路标,OCTAGONAL SIGN,2016
⚠,警告标志,WARNING SIGN,2003
🚸,学校道口标志/ 注意行人及儿童标志,CHILDREN CROSSING,2010
⛔,禁止进入,NO ENTRY,2009
🚫,禁止或限制标志牌,NO ENTRY SIGN,2010
🚳,禁行自行车/ 禁行单车,NO BICYCLES,2010
🚭,禁止吸烟区,NO SMOKING SYMBOL,2010
🚯,不要乱扔垃圾,DO NOT LITTER SYMBOL,2010
🚱,非饮用水,NON-POTABLE WATER SYMBOL,2010
🚷,禁止行人通行,NO PEDESTRIANS,2010
📵,不准携带手机/ 禁止使用手机,NO MOBILE PHONES,2010
🔞,儿童不宜或年龄限制- 是指18岁以下的未成年人士不准入内或观看。,NO ONE UNDER EIGHTEEN SYMBOL,2010
☢,放射性或辐射标志,RADIOACTIVE SIGN,1995
☣,生物性危害,BIOHAZARD SIGN,1995
⬆,箭头指向上方/ 北方,UPWARDS BLACK ARROW,2003
↗,箭头指向右上角/ 东北,NORTH EAST ARROW,1995
➡,箭头指向右方/ 东方,BLACK RIGHTWARDS ARROW,1995
↘,箭头指向右下角/ 东南,SOUTH EAST ARROW,1995
⬇,箭头指向下方/ 南方,DOWNWARDS BLACK ARROW,2003
↙,箭头指向左下角/ 西南,SOUTH WEST ARROW,1995
⬅,箭头指向左方/ 西方,LEFTWARDS BLACK ARROW,2003
↖,箭头指向左上角/ 西北,NORTH WEST ARROW,1995
↕,上下箭头,UP DOWN ARROW,1995
↔,左右箭头,LEFT RIGHT ARROW,1995
↩,指向下侧然后向左弯曲的箭头[*弯曲箭头],LEFTWARDS ARROW WITH HOOK,1995
↪,指向下侧然后向右弯曲的箭头[*弯曲箭头],RIGHTWARDS ARROW WITH HOOK,1995
⤴,指向右侧然后向上弯曲的箭头[*弯曲箭头],ARROW POINTING RIGHTWARDS THEN CURVING UPWARDS,2002
⤵,指向右侧然后向下弯曲的箭头[*弯曲箭头],ARROW POINTING RIGHTWARDS THEN CURVING DOWNWARDS,2002
🔃,顺时针方向旋转的箭头,CLOCKWISE DOWNWARDS AND UPWARDS OPEN CIRCLE ARROWS,2010
🔄,逆时针方向旋转的箭头,ANTICLOCKWISE DOWNWARDS AND UPWARDS OPEN CIRCLE ARROWS,2010
🔙,返回箭头,BACK WITH LEFTWARDS ARROW ABOVE,2010
🔚,结束箭头,END WITH LEFTWARDS ARROW ABOVE,2010
🔛,开始箭头,ON WITH EXCLAMATION MARK WITH LEFT RIGHT ARROW ABOVE,2010
🔜,快速箭头,SOON WITH RIGHTWARDS ARROW ABOVE,2010
🔝,顶部箭头,TOP WITH UPWARDS ARROW ABOVE,2010
🛐,宗教场所〔*礼拜/ 朝圣/ 祭祀〕,PLACE OF WORSHIP,2015
⚛,原子/ 分子/ 无神论,ATOM SYMBOL,2005
🕉,唵/ 印度教,OM SYMBOL,2014
✡,大卫星/ 六芒星/ 犹太教,STAR OF DAVID,1995
☸,法轮/ 佛教,WHEEL OF DHARMA,1995
☯,阴阳/ 太极/ 道教,YIN YANG,1995
✝,十字架/ 基督教,LATIN CROSS,1995
☦,正教会十字,ORTHODOX CROSS,1995
☪,星月,STAR AND CRESCENT,1995
☮,和平符号,PEACE SYMBOL,1995
🕎,光明节灯台,MENORAH WITH NINE BRANCHES,2015
🔯,六芒星/ 六角星/ 魔法阵,SIX POINTED STAR WITH MIDDLE DOT,2010
♻,资源回收,BLACK UNIVERSAL RECYCLING SYMBOL,2002
📛,职员名牌/ 人名牌,NAME BADGE,2010
⚜,百合花饰〔*鸢尾花形的纹章〕,FLEUR-DE-LIS,2005
🔰,初学者/ 新手标志/ 新手驾驶标志,JAPANESE SYMBOL FOR BEGINNER,2010
🔱,三叉,TRIDENT EMBLEM,2010
⭕,圆圈/ O / 0〔*粗边〕,HEAVY LARGE CIRCLE,2009
✅,对/ 剔/ 勾（钩）/ 正确,WHITE HEAVY CHECK MARK,2010
☑,对/ 剔/ 勾（钩）/ 正确,BALLOT BOX WITH CHECK,1995
✔,对/ 剔/ 勾（钩）/ 正确,HEAVY CHECK MARK,1995
✖,错/ 叉/ 乘号,HEAVY MULTIPLICATION X,1995
❌,错/ 叉/ 乘号,CROSS MARK,2010
❎,错/ 叉/ 乘号,NEGATIVE SQUARED CROSS MARK,2010
➕,十字/ 加号,HEAVY PLUS SIGN,2010
➖,一横/ 一杠/ 减号,HEAVY MINUS SIGN,2010
➗,除号,HEAVY DIVISION SIGN,2010
➰,卷/ 日本单环标志,CURLY LOOP,2010
➿,卷卷/ 日本免费电话标志,DOUBLE CURLY LOOP,2010
〽,庵点/ 歌记号,PART ALTERNATION MARK,2002
✳,八角星,EIGHT SPOKED ASTERISK,1995
✴,八角星,EIGHT POINTED BLACK STAR,1995
❇,火花,SPARKLE,1995
‼,双惊叹号/ 双感叹号,DOUBLE EXCLAMATION MARK,1995
⁉,疑问惊叹号,EXCLAMATION QUESTION MARK,2000
❓,问号〔*填满〕,BLACK QUESTION MARK ORNAMENT,2010
❔,问号〔*空心〕,WHITE QUESTION MARK ORNAMENT,2010
❕,叹号〔*空心〕,WHITE EXCLAMATION MARK ORNAMENT,2010
❗,叹号〔*填满〕,HEAVY EXCLAMATION MARK SYMBOL,2009
〰,波浪线/ 破折号,WAVY DASH,1995
©,版权符号,COPYRIGHT SIGN,1995
®,注册商标符号,REGISTERED SIGN,1995
™,商标符号,TRADE MARK SIGN,1995
♈,白羊座/ 牧羊座,ARIES,1995
♉,金牛座,TAURUS,1995
♊,双子座,GEMINI,1995
♋,巨蟹座,CANCER,1995
♌,狮子座,LEO,1995
♍,处女座,VIRGO,1995
♎,天秤座,LIBRA,1995
♏,天蝎座,SCORPIUS,1995
♐,射手座,SAGITTARIUS,1995
♑,摩羯座,CAPRICORN,1995
♒,水瓶座,AQUARIUS,1995
♓,双鱼座,PISCES,1995
⛎,蛇夫座,OPHIUCHUS,2010
🔀,随机播放按钮,TWISTED RIGHTWARDS ARROWS,2010
🔁,循环播放按钮,CLOCKWISE RIGHTWARDS AND LEFTWARDS OPEN CIRCLE ARROWS,2010
🔂,单一循环播放按钮,CLOCKWISE RIGHTWARDS AND LEFTWARDS OPEN CIRCLE ARROWS WITH CIRCLED ONE OVERLAY,2010
▶,播放按钮,BLACK RIGHT-POINTING TRIANGLE,1995
⏩,快进按钮,BLACK RIGHT-POINTING DOUBLE TRIANGLE,2010
⏭,下一首歌曲按钮,BLACK RIGHT-POINTING DOUBLE TRIANGLE WITH VERTICAL BAR,2010
⏯,播放及暂停按钮,BLACK RIGHT-POINTING TRIANGLE WITH DOUBLE VERTICAL BAR,2010
◀,退回按钮,BLACK LEFT-POINTING TRIANGLE,1995
⏪,快退按钮,BLACK LEFT-POINTING DOUBLE TRIANGLE,2010
⏮,最后一首曲目按钮,BLACK LEFT-POINTING DOUBLE TRIANGLE WITH VERTICAL BAR,2010
🔼,上一首按钮,UP-POINTING SMALL RED TRIANGLE,2010
⏫,快速按钮,BLACK UP-POINTING DOUBLE TRIANGLE,2010
🔽,下一首按钮,DOWN-POINTING SMALL RED TRIANGLE,2010
⏬,快退按钮,BLACK DOWN-POINTING DOUBLE TRIANGLE,2010
⏸,暂停按钮,DOUBLE VERTICAL BAR,2014
⏹,停止按钮,BLACK SQUARE FOR STOP,2014
⏺,录影或录音按钮,BLACK CIRCLE FOR RECORD,2014
⏏,退出按钮〔*光碟/ 磁带〕,EJECT SYMBOL,2003
🔅,调低光暗度,LOW BRIGHTNESS SYMBOL,2010
🔆,调高光暗度,HIGH BRIGHTNESS SYMBOL,2010
📲,来电转接/ 呼叫转移〔*手机图示〕,MOBILE PHONE WITH RIGHTWARDS ARROW AT LEFT,2010
📶,信号强度[*手机],ANTENNA WITH BARS,2010
📳,装置振动[*手机],VIBRATION MODE,2010
📴,装置关机状态[*手机],MOBILE PHONE OFF,2010
#️⃣,「井」按键,Keycap NUMBER SIGN,2002
*️⃣,「星」按键,Keycap ASTERISK,2002
0️⃣,「0」按键,Keycap DIGIT ZERO,2002
1️⃣,「1」按键,Keycap DIGIT ONE,2002
2️⃣,「2」按键,Keycap DIGIT TWO,2002
3️⃣,「3」按键,Keycap DIGIT THREE,2002
4️⃣,「4」按键,Keycap DIGIT FOUR,2002
5️⃣,「5」按键,Keycap DIGIT FIVE,2002
6️⃣,「6」按键,Keycap DIGIT SIX,2002
7️⃣,「7」按键,Keycap DIGIT SEVEN,a
8️⃣,「8」按键,Keycap DIGIT EIGHT,2002
9️⃣,「9」按键,Keycap DIGIT NINE,2002
🔟,「10」按键,KEYCAP TEN,2010
💯,「100」,HUNDRED POINTS SYMBOL,2010
🔠,「ABCD」,INPUT SYMBOL FOR LATIN CAPITAL LETTERS,2010
🔡,「abcd」,INPUT SYMBOL FOR LATIN SMALL LETTERS,2010
🔢,「1234」,INPUT SYMBOL FOR NUMBERS,2010
🔣,「〒♪@&%」,INPUT SYMBOL FOR SYMBOLS,2010
🔤,「ABC」,INPUT SYMBOL FOR LATIN LETTERS,2010
🅰,「A」,NEGATIVE SQUARED LATIN CAPITAL LETTER A,2010
🆎,「AB」,NEGATIVE SQUARED AB,2010
🅱,「B」,NEGATIVE SQUARED LATIN CAPITAL LETTER B,2010
🆑,「CL」,SQUARED CL,2010
🆒,「COOL」,SQUARED COOL,2010
🆓,「FREE」,SQUARED FREE,2010
ℹ,「i」,INFORMATION SOURCE,2000
🆔,「ID」,SQUARED ID,2010
Ⓜ,「M」,CIRCLED LATIN CAPITAL LETTER M,1995
🆕,「NEW」,SQUARED NEW,2010
🆖,「NG」,SQUARED NG,2010
🅾,「O」,NEGATIVE SQUARED LATIN CAPITAL LETTER O,2010
🆗,「OK」,SQUARED OK,2010
🅿,「P」〔*停车场/ P牌/ 学神〕,NEGATIVE SQUARED LATIN CAPITAL LETTER P,2009
🆘,「SOS」,SQUARED SOS,2010
🆙,「UP!」,SQUARED UP WITH EXCLAMATION MARK,2010
🆚,「VS」,SQUARED VS,2010
🈁,「っっ」,SQUARED KATAKANA KOKO,2010
🈂,「サ」,SQUARED KATAKANA SA,2010
🈷,「月」,SQUARED CJK UNIFIED IDEOGRAPH-6708,2010
🈶,「有」,SQUARED CJK UNIFIED IDEOGRAPH-6709,2010
🈯,「指」,SQUARED CJK UNIFIED IDEOGRAPH-6307,2009
🉐,「得」,CIRCLED IDEOGRAPH ADVANTAGE,2010
🈹,「割」,SQUARED CJK UNIFIED IDEOGRAPH-5272,2010
🈚,「无」,SQUARED CJK UNIFIED IDEOGRAPH-7121,2009
🈲,「禁」,SQUARED CJK UNIFIED IDEOGRAPH-7981,2010
🉑,「可」,CIRCLED IDEOGRAPH ACCEPT,2010
🈸,「申」,SQUARED CJK UNIFIED IDEOGRAPH-7533,2010
🈴,「合」,SQUARED CJK UNIFIED IDEOGRAPH-5408,2010
🈳,「空」,SQUARED CJK UNIFIED IDEOGRAPH-7A7A,2010
㊗,「祝」,CIRCLED IDEOGRAPH CONGRATULATION,1995
㊙,「秘」,CIRCLED IDEOGRAPH SECRET,1995
🈺,「営」,SQUARED CJK UNIFIED IDEOGRAPH-55B6,2010
🈵,「满」,SQUARED CJK UNIFIED IDEOGRAPH-6E80,2010
▪,小方块〔*填满〕,BLACK SMALL SQUARE,1995
▫,小方块〔*空心〕,WHITE SMALL SQUARE,1995
◻,中方块〔*空心〕,WHITE MEDIUM SQUARE,2002
◼,中方块〔*填满〕,BLACK MEDIUM SQUARE,2002
◽,小方块〔*空心〕,WHITE MEDIUM SMALL SQUARE,2002
◾,小方块〔*填满〕,BLACK MEDIUM SMALL SQUARE,2002
⬛,大方块〔*填满〕,BLACK LARGE SQUARE,2008
⬜,大方块〔*空心〕,WHITE LARGE SQUARE,2008
🟥,红色方块,Red Square,2019
🟧,橙色方块,Orange Square,2019
🟨,黄色方块,Yellow Square,2019
🟩,绿色方块,Green Square,2019
🟦,蓝色方块,Blue Square,2019
🟪,紫色方块,Purple Square,2019
🟫,棕色方块,Brown Square,2019
🔶,钻石/ 菱形[*大/ 橙色],LARGE ORANGE DIAMOND,2010
🔷,钻石/ 菱形[*大/ 蓝色],LARGE BLUE DIAMOND,2010
🔸,钻石/ 菱形[*小/ 橙色],SMALL ORANGE DIAMOND,2010
🔹,钻石/ 菱形[*小/ 蓝色],SMALL BLUE DIAMOND,2010
🔺,朝上的红色三角形,UP-POINTING RED TRIANGLE,2010
🔻,朝下的红色三角形,DOWN-POINTING RED TRIANGLE,2010
💠,钻石花式,DIAMOND SHAPE WITH A DOT INSIDE,2010
🔘,单选按钮/ 单选框[*核取方块],RADIO BUTTON,2010
🔲,勾选方块/ 勾选框[*核取方块],BLACK SQUARE BUTTON,2010
🔳,勾选方块/ 勾选框[*核取方块],WHITE SQUARE BUTTON,2010
⚪,圆圈/ 句号/ 点〔*空心〕,MEDIUM WHITE CIRCLE,2005
⚫,圆圈/ 句号/ 点〔*填满〕,MEDIUM BLACK CIRCLE,2005
🔴,红色圆圈,LARGE RED CIRCLE,2010
🔵,蓝色圆圈,LARGE BLUE CIRCLE,2010
🟠,橙色圆圈,Orange Circle,2019
🟡,黄色圆圈,Yellow Circle,2019
🟢,绿色圆圈,Green Circle,2019
🟣,紫色圆圈,Purple Circle,2019
🟤,棕色圆圈,Brown Circle,2019
♂,男性标志,MALE SIGN,1995
♀,女性标志,FEMALE SIGN,1995
⚕,医疗符号「蛇杖」,MEDICAL SYMBOL,2005
♾️,无限大符号,infinity,2005
🏻,皮肤类型1-2,EMOJI MODIFIER FITZPATRICK TYPE-1-2,2015
🏼,皮肤类型3,EMOJI MODIFIER FITZPATRICK TYPE-3,2015
🏽,皮肤类型4,EMOJI MODIFIER FITZPATRICK TYPE-4,2015
🏾,皮肤类型5,EMOJI MODIFIER FITZPATRICK TYPE-5,2015
🏿,皮肤类型6,EMOJI MODIFIER FITZPATRICK TYPE-6,2015
